{"vertices": [542.3586875, 167.2165, 112.07970312, 541.72959375, 164.96200000000002, 106.67460156, 541.2313125000001, 167.49179688, 113.25660156, 541.02159375, 165.90720312, 114.30910156, 540.7855, 166.495, 115.875, 540.6941875, 161.34459375, 107.47529688, 539.88159375, 169.17029688000002, 116.07620312, 539.71540625, 169.07720312, 106.86029687999999, 539.3861875, 170.55859375, 112.18270312000001, 538.2055, 163.34790625, 116.20679688, 536.4978125, 170.56820312, 106.24029688, 536.0235, 166.26370312, 118.26879688, 535.59940625, 159.45870312, 106.47, 535.3145000000001, 175.09590625, 113.20879688, 535.2101875, 159.32859375, 114.10160155999999, 535.02, 174.21779688, 115.78710156, 534.1528125, 163.75650000000002, 105.045, 533.9263125, 157.116, 108.92229687999999, 533.3498125, 158.73929688, 115.58670312000001, 532.706, 175.62920312, 110.78070312000001, 532.6175000000001, 165.41929688000002, 119.03960156, 531.7231875, 176.76429688000002, 113.59189844000001, 531.3853125, 174.75559375, 107.46179688, 530.58509375, 157.26850000000002, 109.66570312, 529.4756875, 158.58029688000002, 112.93639844, 528.7751875, 177.56859375, 117.67810156, 528.23059375, 158.25650000000002, 114.58629687999999, 528.1221875, 160.88029688, 117.65879688, 527.1083125, 158.58970312, 107.8335, 527.0785, 173.19770312, 119.61570312, 526.8763125, 178.559, 116.30079688, 526.6586875, 180.32540625000001, 108.79889844, 526.3743125, 165.5735, 104.45810156, 526.3168125, 182.84759375000002, 112.19439844, 525.14909375, 154.8365, 114.48570312000001, 524.5091875, 160.02840625000002, 104.65470312000001, 524.3603125, 159.78390625, 106.03879687999999, 524.0275, 172.983, 104.5985, 523.8905, 157.96029688000002, 109.72310156, 523.68090625, 180.83470312, 107.36960155999999, 523.6443125, 177.23250000000002, 118.3365, 522.8281875, 158.53509375000002, 115.3755, 522.45090625, 171.33270312, 119.59229687999999, 522.317, 161.58829688, 117.57000000000001, 521.54109375, 176.11570312, 115.94420312000001, 521.47709375, 163.54379688, 111.22200000000001], "faces": [0, 2, 8, 0, 7, 1, 0, 8, 10, 0, 10, 7, 1, 5, 0, 1, 16, 12, 2, 0, 3, 2, 3, 4, 2, 4, 6, 2, 15, 8, 3, 5, 9, 3, 9, 4, 5, 3, 0, 5, 14, 9, 5, 17, 14, 6, 4, 9, 6, 9, 11, 6, 11, 15, 6, 15, 2, 7, 10, 16, 8, 13, 10, 9, 14, 18, 11, 27, 20, 12, 5, 1, 12, 28, 17, 13, 15, 21, 13, 21, 19, 14, 17, 23, 14, 23, 24, 15, 11, 29, 15, 13, 8, 16, 1, 7, 16, 10, 37, 16, 35, 12, 17, 5, 12, 17, 28, 23, 18, 24, 26, 18, 27, 9, 19, 21, 31, 20, 29, 11, 21, 15, 25, 21, 25, 30, 22, 10, 13, 22, 13, 19, 22, 19, 31, 22, 37, 10, 24, 18, 14, 24, 23, 38, 25, 15, 29, 26, 24, 41, 26, 34, 27, 27, 11, 9, 27, 18, 26, 27, 34, 41, 27, 41, 43, 28, 35, 36, 28, 38, 23, 29, 20, 27, 29, 43, 42, 30, 25, 40, 30, 33, 21, 30, 44, 39, 31, 21, 33, 31, 33, 30, 31, 39, 22, 34, 26, 41, 35, 16, 32, 35, 28, 12, 35, 32, 36, 36, 38, 28, 37, 22, 39, 37, 32, 16, 37, 36, 32, 37, 45, 36, 38, 36, 45, 38, 41, 24, 39, 31, 30, 39, 44, 37, 40, 25, 29, 40, 29, 42, 40, 42, 44, 41, 45, 43, 43, 29, 27, 44, 30, 40, 44, 42, 43, 44, 43, 45, 45, 37, 44, 45, 41, 38]}