{"vertices": [414.6518125, 187.6675, 89.75585937999999, 414.5881875, 191.69629688, 91.45371094000001, 414.07718750000004, 194.4305, 93.07560938, 411.548, 190.2185, 99.86772656, 411.3408125, 193.084, 98.10807812, 410.15918750000003, 183.031, 91.67634375, 409.2268125, 190.51340625, 88.32782812, 408.75237500000003, 180.11829688, 95.34322655999999, 407.943375, 193.51470312, 99.53509375, 407.9148125, 170.20829688, 93.63597656, 407.717875, 187.19050000000001, 104.77779688, 407.6348125, 178.17729688, 88.45600781, 407.147875, 175.854, 100.21129687999999, 407.14750000000004, 184.235, 88.38154688, 407.14387500000004, 175.904, 90.04003125, 406.5551875, 180.9005, 106.07389844000001, 405.464625, 168.08240625, 104.73379688, 405.298875, 177.00820312, 106.84629688, 404.9676875, 171.117, 91.35747656, 404.7221875, 164.3145, 99.09407030999999, 404.318625, 184.89529688000002, 90.67977344, 403.8198125, 166.75379688, 106.39129688, 403.513125, 177.905, 87.14075781, 402.455125, 164.95840625, 101.64910155999999, 402.326125, 195.60290625000002, 96.68375781, 401.998875, 182.074, 105.62610156, 400.5575, 168.984, 105.60420312000001, 400.29481250000003, 182.87709375, 87.18960156, 399.469375, 182.30620312, 90.84161719000001, 399.320875, 186.6975, 87.01434375, 398.678125, 163.80820312, 96.27338281, 398.56518750000004, 187.12490625, 102.05839844, 398.422375, 165.26679688000002, 102.43520312000001, 398.313625, 191.90029688, 95.06379688, 397.4591875, 163.16590625, 98.61922656, 396.78950000000003, 174.794, 105.09679688, 395.8601875, 166.12550000000002, 99.38039062000001, 395.5111875, 185.94159375, 94.62247656, 394.6865, 176.31220312, 85.51275781, 393.087625, 182.51920312, 95.31832812, 392.924875, 176.55820312, 103.18889844, 392.21612500000003, 168.34190625, 100.54939844, 391.8778125, 181.28259375000002, 99.69654688, 391.6898125, 181.10890625, 84.6136875, 390.7823125, 180.35109375, 88.75029688, 390.5141875, 167.73420312, 90.05675000000001, 390.3895, 177.55, 84.95884375, 389.223625, 177.78159375, 100.36210156, 389.081875, 170.30159375, 99.31154688, 386.154875, 174.60779688000002, 85.77388281, 385.8171875, 172.833, 86.76184375, 385.1903125, 173.56720312, 95.35274219, 384.81850000000003, 177.19790625000002, 95.22410938, 384.745375, 176.63720311999998, 92.93613281, 384.620875, 177.11940625, 90.45747656, 383.5906875, 173.38150000000002, 91.80946875000001, 382.959625, 175.62740625, 90.16965625], "faces": [0, 5, 7, 1, 0, 3, 3, 2, 1, 3, 4, 2, 3, 12, 17, 3, 17, 15, 4, 8, 24, 5, 14, 7, 6, 0, 1, 6, 1, 24, 7, 3, 0, 7, 9, 19, 7, 12, 3, 8, 4, 3, 9, 7, 14, 10, 8, 3, 10, 25, 8, 11, 5, 13, 11, 13, 22, 11, 22, 14, 12, 19, 23, 13, 0, 6, 13, 5, 0, 13, 27, 22, 14, 5, 11, 14, 22, 18, 15, 10, 3, 15, 17, 25, 15, 25, 10, 16, 32, 21, 17, 12, 16, 17, 16, 21, 17, 35, 25, 18, 9, 14, 18, 19, 9, 18, 45, 30, 19, 12, 7, 19, 30, 23, 20, 13, 6, 20, 27, 13, 21, 26, 17, 21, 32, 26, 22, 38, 18, 22, 43, 38, 23, 16, 12, 24, 1, 2, 24, 2, 4, 24, 8, 31, 24, 31, 33, 24, 33, 6, 25, 42, 31, 27, 20, 28, 27, 28, 44, 28, 20, 39, 29, 20, 6, 29, 37, 20, 30, 19, 18, 30, 34, 23, 31, 8, 25, 31, 37, 33, 31, 39, 37, 32, 16, 23, 32, 36, 41, 33, 29, 6, 35, 17, 26, 35, 26, 32, 36, 23, 34, 36, 32, 23, 36, 34, 30, 36, 45, 41, 37, 29, 33, 37, 39, 20, 38, 49, 50, 39, 42, 53, 39, 44, 28, 39, 54, 44, 40, 25, 35, 40, 41, 48, 40, 47, 25, 41, 35, 32, 41, 40, 35, 42, 39, 31, 43, 22, 27, 43, 46, 38, 44, 43, 27, 44, 49, 46, 45, 18, 38, 45, 36, 30, 45, 50, 55, 46, 43, 44, 46, 49, 38, 47, 42, 25, 47, 48, 51, 47, 52, 42, 47, 55, 53, 48, 41, 45, 48, 47, 40, 48, 55, 51, 50, 45, 38, 50, 49, 56, 52, 47, 53, 52, 53, 42, 53, 56, 54, 54, 39, 53, 54, 49, 44, 54, 56, 49, 55, 47, 51, 55, 48, 45, 56, 53, 55, 56, 55, 50]}