{"vertices": [493.20790625, 274.0236875, 144.3205, 491.7121875, 276.08468750000003, 135.91479688, 491.4688125, 274.813, 140.82990625, 491.1226875, 259.92840625, 148.37709375, 490.8991875, 270.28950000000003, 144.73009375, 490.8911875, 279.79240625, 136.48790625, 490.84459375, 262.72940625, 150.93929688, 490.81790625, 266.5336875, 149.49720312, 490.09609375, 263.2628125, 141.79570311999998, 489.7015, 259.57840625, 135.799, 489.3038125, 262.74318750000003, 151.75259375000002, 488.89790625, 256.305, 143.12, 487.8811875, 275.9558125, 140.3465, 487.26509375, 274.12040625000003, 130.0085, 487.18159375, 248.73909375, 133.14220312, 487.14790625, 281.30209375, 131.86940625, 486.85, 280.63859375, 134.25320312, 486.59440625, 256.63720312, 147.9335, 486.1273125, 253.42790625, 134.29040625, 486.1158125, 247.42409375, 138.07879688, 485.75268750000004, 250.84209375, 140.16579688000002, 485.0433125, 245.51409375, 137.08870312, 484.8483125, 245.13040625, 134.54129688, 484.7128125, 252.85909375, 138.59170312, 484.09309375000004, 246.43879688, 144.99620312, 483.44740625000003, 277.2923125, 139.77890625, 483.3621875, 267.753, 150.70259375, 483.13800000000003, 279.6426875, 135.24759375, 483.0561875, 246.37770312, 132.68190625, 482.0563125, 259.2875, 131.83090625, 482.04190625, 273.8105, 144.08979688000002, 481.8273125, 280.2678125, 129.8005, 481.4893125, 259.56779688, 151.31590625, 481.0985, 271.76018750000003, 142.2655, 479.8798125, 243.3675, 135.74340625, 479.59159375, 265.15250000000003, 142.34929688000003, 479.12040625000003, 245.77509375, 147.63590625, 478.8361875, 255.00370311999998, 152.45279688000002, 478.75759375, 266.6996875, 137.03920312, 478.71500000000003, 260.98540625, 147.60890625, 477.896, 243.83959375, 131.41740625, 477.2495, 262.90790625, 130.02220312, 477.0421875, 252.23579688, 143.3955, 476.3371875, 261.959, 132.758, 476.1228125, 240.72140625, 143.03620311999998, 476.04040625, 272.555, 130.63660156, 476.02359375000003, 258.24859375, 141.6785, 474.39040625, 259.15129688, 131.45770312, 474.16509375, 271.0351875, 138.33220312, 474.07631250000003, 253.56109375, 131.64359375, 473.63509375, 251.318, 138.605, 473.31, 249.18129688000002, 133.04959375, 473.16209375, 244.81320312, 141.11579688], "faces": [0, 4, 12, 1, 2, 5, 1, 8, 2, 1, 9, 8, 2, 0, 12, 2, 4, 0, 2, 8, 4, 3, 10, 6, 3, 17, 32, 4, 7, 12, 7, 4, 8, 7, 6, 10, 7, 10, 26, 7, 30, 12, 8, 3, 6, 8, 6, 7, 8, 11, 3, 9, 18, 23, 9, 23, 8, 11, 8, 23, 12, 16, 2, 13, 9, 1, 13, 15, 31, 13, 41, 29, 14, 21, 19, 15, 1, 5, 15, 13, 1, 16, 5, 2, 16, 15, 5, 16, 25, 27, 16, 27, 31, 17, 3, 11, 17, 11, 20, 17, 24, 36, 17, 36, 37, 18, 9, 29, 18, 14, 23, 18, 29, 14, 19, 20, 23, 19, 23, 14, 20, 19, 24, 20, 24, 17, 21, 14, 22, 21, 22, 34, 21, 24, 19, 21, 34, 44, 21, 44, 24, 22, 14, 28, 22, 40, 34, 23, 20, 11, 25, 12, 30, 25, 16, 12, 25, 30, 33, 26, 10, 32, 26, 30, 7, 26, 33, 30, 27, 25, 33, 28, 14, 29, 29, 9, 13, 29, 47, 49, 31, 15, 16, 31, 27, 48, 32, 10, 3, 32, 17, 37, 32, 39, 26, 33, 48, 27, 34, 51, 52, 35, 39, 46, 37, 39, 32, 37, 42, 39, 38, 43, 45, 38, 45, 48, 39, 33, 26, 39, 35, 33, 39, 42, 46, 40, 22, 28, 40, 51, 34, 41, 13, 45, 41, 43, 47, 42, 36, 44, 42, 37, 36, 42, 47, 46, 43, 41, 45, 44, 34, 52, 44, 36, 24, 44, 52, 50, 45, 13, 31, 46, 38, 35, 46, 43, 38, 46, 47, 43, 47, 29, 41, 47, 42, 50, 48, 33, 35, 48, 35, 38, 48, 45, 31, 49, 28, 29, 49, 50, 51, 49, 51, 28, 50, 42, 44, 50, 49, 47, 51, 40, 28, 52, 51, 50]}