{"vertices": [566.88559375, 201.01040625000002, 86.79465625, 566.57759375, 199.66870312, 79.12634375, 565.8123125, 194.87509375, 90.56738281, 565.0363125, 190.29059375, 87.27192188, 564.5611875, 191.5095, 86.87154688, 563.66040625, 206.01190625, 80.66629687999999, 563.2173125, 203.70840625, 84.58682031, 563.1338125, 191.42329688, 97.22970312000001, 562.7981875, 200.24109375, 91.53785938, 562.3881875, 193.35790625, 76.37420312, 562.05659375, 193.76870312, 96.94784375, 560.72190625, 190.98940625, 97.73350780999999, 560.284, 190.6175, 80.45057812, 558.92390625, 209.41179688000003, 72.69628125, 558.4463125, 186.70490625, 89.04484375, 558.26640625, 203.04920312, 67.87638281, 557.2478125, 194.53220312, 97.59704688, 557.2015, 189.42600000000002, 75.80609375, 556.19690625, 204.2075, 79.28252344, 556.111, 187.89809375000002, 77.02502344000001, 555.9233125000001, 186.479, 95.12121875, 555.5771875, 200.97779688, 86.34179687999999, 555.3166875000001, 184.87359375, 82.57139062, 554.7898125, 198.28629688, 66.84870312000001, 553.5541875, 192.69879688, 99.71345312000001, 553.4866875, 197.61770312, 91.53340625, 553.24740625, 188.91659375, 99.47611719000001, 552.7945, 183.82750000000001, 87.62828125, 551.87159375, 201.96029688000002, 78.26657812, 551.3286875, 211.37379688000001, 68.79786719, 550.8891875, 191.63409375, 100.11429688, 550.2966875, 184.53679688000003, 99.11104688, 549.92059375, 188.52829688, 75.19425781, 549.679, 206.903, 66.15579688, 549.56440625, 181.46359375, 91.09196875, 549.19240625, 194.6165, 69.89567969000001, 548.83640625, 209.4835, 68.29414844, 548.8311875, 184.139, 82.11897656, 548.77109375, 183.07490625, 88.56372655999999, 548.3048125, 191.80359375, 77.62988281, 548.28090625, 198.62559375, 67.32225781, 548.1245, 186.643, 100.21860156, 548.1205, 194.74609375, 84.98934375, 548.07, 197.36709375, 75.68884375, 548.0198125000001, 202.72050000000002, 66.03227344000001, 547.7188125, 192.21200000000002, 93.75034375, 547.6666875, 192.11740625000002, 87.13954688, 546.4195, 181.68520311999998, 94.15921094000001, 545.4998125, 181.61720312, 98.40349219000001, 545.437, 189.93459375, 82.91414844, 545.3673125, 190.77559375, 95.65932031, 544.5781875, 186.01679688000002, 90.86782812000001, 544.0551875, 184.44070312, 96.88285938], "faces": [0, 6, 5, 0, 8, 6, 1, 4, 2, 1, 9, 4, 1, 13, 15, 1, 15, 9, 2, 0, 1, 2, 7, 10, 2, 10, 0, 3, 12, 14, 4, 3, 14, 4, 7, 2, 5, 1, 0, 5, 13, 1, 8, 10, 16, 8, 16, 25, 8, 25, 21, 10, 7, 11, 10, 8, 0, 11, 16, 10, 12, 3, 4, 12, 4, 9, 12, 9, 17, 12, 17, 19, 13, 29, 33, 14, 7, 4, 14, 11, 7, 14, 20, 11, 15, 23, 9, 15, 33, 44, 16, 11, 24, 17, 9, 23, 18, 5, 6, 18, 6, 8, 18, 13, 5, 19, 17, 32, 19, 22, 12, 20, 14, 27, 20, 26, 11, 20, 31, 26, 21, 18, 8, 21, 25, 42, 21, 28, 18, 22, 14, 12, 22, 19, 32, 23, 35, 17, 24, 25, 16, 26, 24, 11, 27, 14, 22, 27, 22, 37, 27, 34, 20, 28, 36, 29, 29, 13, 18, 29, 18, 28, 30, 24, 26, 30, 25, 24, 30, 26, 41, 30, 41, 50, 30, 45, 25, 32, 37, 22, 32, 39, 37, 33, 15, 13, 33, 29, 36, 33, 36, 44, 34, 27, 38, 34, 38, 47, 35, 23, 40, 35, 32, 17, 35, 39, 32, 36, 28, 43, 38, 27, 37, 39, 35, 40, 39, 42, 46, 40, 23, 44, 40, 43, 39, 41, 26, 31, 41, 31, 48, 42, 25, 45, 42, 28, 21, 42, 43, 28, 43, 42, 39, 43, 44, 36, 44, 23, 15, 44, 43, 40, 45, 30, 50, 45, 46, 42, 45, 50, 46, 47, 38, 51, 47, 48, 34, 48, 20, 34, 48, 31, 20, 48, 47, 52, 48, 52, 41, 49, 37, 39, 49, 39, 46, 50, 51, 46, 51, 37, 49, 51, 38, 37, 51, 49, 46, 51, 50, 52, 51, 52, 47, 52, 50, 41]}