{"faces": [5, 1, 0, 0, 2, 5, 0, 1, 8, 4, 2, 0, 4, 0, 8, 8, 1, 6, 1, 3, 6, 2, 4, 7, 1, 5, 13, 3, 1, 13, 7, 5, 2, 6, 12, 8, 12, 18, 4, 9, 6, 3, 12, 4, 8, 7, 14, 5, 6, 10, 12, 10, 6, 11, 6, 9, 11, 19, 5, 14, 7, 4, 17, 17, 14, 7, 18, 17, 4, 5, 19, 13, 13, 9, 3, 13, 16, 9, 12, 15, 18, 13, 19, 16, 20, 17, 18, 17, 22, 14, 23, 11, 9, 14, 22, 19, 12, 10, 15, 9, 16, 23, 15, 20, 18, 22, 21, 19, 10, 11, 23, 21, 16, 19, 20, 22, 17, 16, 21, 23, 10, 24, 15, 23, 24, 10, 15, 24, 20, 24, 21, 22, 21, 24, 23, 24, 22, 20], "vertices": [214.7228297406805, 174.18721487733623, 173.9907915051518, 216.27334298482882, 177.26541184935215, 174.18980966056466, 213.345753564908, 172.75279431647903, 174.61404469880466, 218.14258292423608, 179.1923051733703, 175.08161764805138, 214.87622601132003, 170.13049110816283, 175.8190066694176, 212.88948327767412, 173.40465033573642, 175.35385184845856, 219.89405632825947, 178.31615282000558, 175.17117053969082, 212.5138078604857, 170.08938168058665, 175.72463519521855, 218.32959520267335, 174.4842290663137, 174.93101479499384, 219.82362448005892, 180.14486479724226, 177.6624436797091, 222.42807067721742, 172.02461514843995, 181.1059045808572, 220.89268915743332, 178.8718482857056, 177.2046578916818, 219.85565504886478, 172.42534944943924, 177.1711289898106, 215.7567565632477, 178.9729714192995, 178.1182034255708, 212.15135884329484, 169.5454985633147, 178.00042574777245, 221.35770144338136, 168.900079487059, 182.16900047100063, 217.54936638820752, 178.32768208873762, 179.95071593791207, 213.4746527013933, 167.58803691570287, 178.61142629871557, 216.59557842927288, 168.7773023328357, 178.36655106765684, 213.3577710231537, 172.51615495687852, 179.05023357574856, 220.52809308635221, 168.40357259104218, 182.3586717357682, 218.5168530413374, 171.93489730991087, 182.4257636067311, 216.75973457605588, 169.95330435161682, 181.4496652381353, 221.17199461978117, 173.72190319040118, 182.66710863468143, 220.67570539091318, 170.46626558213063, 183.42331849175545], "materials": []}