{"faces": [9, 2, 4, 9, 12, 2, 2, 6, 4, 2, 3, 6, 3, 2, 1, 0, 3, 1, 2, 12, 1, 12, 5, 1, 5, 7, 1, 1, 10, 0, 3, 0, 6, 1, 7, 10, 4, 6, 11, 4, 8, 9, 12, 9, 15, 19, 7, 5, 4, 11, 8, 0, 13, 6, 5, 12, 23, 6, 13, 14, 6, 14, 11, 0, 10, 13, 7, 19, 20, 24, 10, 7, 9, 8, 15, 16, 5, 23, 5, 16, 19, 20, 24, 7, 11, 25, 8, 17, 23, 12, 10, 21, 13, 8, 25, 27, 15, 8, 27, 17, 12, 15, 22, 25, 11, 13, 18, 14, 21, 18, 13, 14, 22, 11, 24, 21, 10, 32, 21, 24, 27, 17, 15, 16, 23, 28, 14, 18, 29, 26, 17, 27, 16, 30, 19, 30, 20, 19, 28, 17, 26, 34, 25, 22, 23, 17, 28, 14, 29, 22, 21, 35, 18, 35, 29, 18, 21, 32, 35, 20, 30, 24, 25, 34, 31, 29, 34, 22, 25, 31, 27, 24, 38, 32, 33, 16, 28, 16, 33, 30, 26, 31, 37, 31, 26, 27, 31, 34, 41, 38, 24, 30, 29, 39, 34, 37, 28, 26, 42, 33, 28, 34, 39, 41, 32, 36, 35, 29, 35, 39, 38, 30, 33, 38, 36, 32, 43, 33, 42, 33, 43, 38, 36, 38, 43, 41, 37, 31, 42, 28, 37, 44, 36, 43, 41, 40, 37, 42, 37, 40, 35, 36, 44, 44, 40, 41, 39, 44, 41, 44, 43, 42, 35, 44, 39, 44, 42, 40], "vertices": [202.56663400576488, 176.28964107043515, 173.11465845938656, 199.43357865387225, 175.3332313478482, 171.7512512469962, 202.6064701707271, 170.62773547840638, 171.7746518588953, 202.3931763448041, 173.24181110219212, 171.78148101912893, 204.09477947333076, 167.7993760703218, 172.75046306480206, 196.63568480278235, 174.41678587173104, 172.68618437401636, 204.99389667387092, 172.75802892731815, 173.24933574399074, 196.83308756543698, 177.01812264428523, 173.5102299231916, 203.43371231518003, 164.81281904748528, 174.88831694566858, 202.50650490631713, 167.4128585668862, 172.7040682908758, 201.48321587511754, 177.69369138852804, 174.1588030663655, 206.1285289497128, 167.03441098124426, 174.7495635889198, 198.8956330724647, 171.47064838662504, 172.4396935655412, 205.3305096226356, 175.5631224019492, 175.85491885194122, 206.65229495318465, 172.96985178573289, 177.02087664448257, 199.80044024851088, 166.68149053294005, 175.81554302610678, 192.1210148348863, 174.0033500771706, 179.21635557199247, 194.15808607872918, 165.59277564774177, 179.29211325569295, 205.22160143582164, 175.27556395236888, 178.27218126582355, 193.59962249376827, 176.8799126051981, 177.57174626927184, 194.92899265965823, 178.85341292767131, 178.58247659848612, 202.56271997205602, 177.48136470432848, 178.1408320723098, 206.71998960982592, 167.30846811269808, 177.83584506214416, 192.95071979635398, 170.61194019729666, 177.95929573123735, 196.48477593206826, 179.29224458422868, 178.95663405754107, 203.67033036461683, 163.74756672100625, 178.6433527801124, 196.08664108719847, 163.7508952314935, 180.77358362419912, 202.25622708490306, 163.43214340406334, 178.29222659580486, 192.8383706693753, 167.179313768399, 180.6213286721675, 205.83557249012566, 172.2856649800926, 180.07651156496718, 193.43202445676124, 177.66306972115706, 180.89150438376106, 200.80969449539822, 162.57205785752572, 182.0165586280669, 199.19173009284512, 177.80913301300097, 180.56893084538925, 193.0971990362395, 169.74814219001541, 182.87037851364346, 205.44085944968728, 167.23009131458437, 180.5950026842961, 203.3106645169842, 172.58870681174173, 182.828583491145, 197.4774939406439, 175.8235020026448, 182.51000158237434, 195.99468194047463, 163.3631617300935, 183.107167320313, 195.08833243382017, 177.64144597716043, 181.95628405740337, 203.4734167476971, 170.12936323081667, 183.27529264628046, 196.90696213868313, 165.55556705544242, 184.28003707361165, 201.8202688187582, 165.55350468618886, 183.47531305730803, 193.471377822158, 168.18304508346063, 183.55532033951602, 195.39434774718944, 173.47013165679687, 183.13032936709828, 199.06167861600318, 168.46961361467723, 184.53767790205666], "materials": []}