{"faces": [3, 6, 0, 2, 3, 0, 2, 0, 1, 2, 7, 3, 1, 0, 5, 4, 0, 6, 5, 0, 4, 12, 9, 2, 1, 12, 2, 6, 8, 4, 7, 6, 3, 4, 11, 5, 9, 7, 2, 7, 8, 6, 10, 1, 5, 8, 7, 9, 10, 14, 1, 11, 4, 13, 5, 11, 10, 12, 18, 9, 14, 12, 1, 8, 13, 4, 8, 19, 13, 11, 13, 17, 10, 11, 17, 17, 15, 10, 15, 14, 10, 25, 9, 16, 18, 16, 9, 19, 8, 9, 14, 18, 12, 18, 14, 21, 17, 13, 19, 9, 25, 19, 23, 18, 21, 14, 22, 21, 22, 14, 15, 17, 20, 15, 19, 24, 17, 24, 19, 25, 24, 20, 17, 20, 22, 15, 18, 29, 16, 18, 23, 29, 26, 22, 20, 25, 16, 28, 27, 21, 22, 21, 27, 23, 24, 25, 28, 29, 28, 16, 26, 27, 22, 26, 20, 24, 23, 27, 29, 26, 24, 28, 27, 28, 29, 26, 28, 27], "vertices": [168.23114494849472, 215.87659311475636, 278.7725772394198, 168.91504138849965, 221.75111900501395, 281.6170647724685, 169.52161791340384, 215.82715143972035, 280.2374368191327, 169.0647845176965, 213.40927516465828, 279.2101794769062, 166.14307219549735, 216.74281336932967, 281.477060539788, 168.10945219206423, 221.2300729690694, 281.084637595847, 166.8687320589468, 213.4396070541897, 280.0579432417524, 169.45387283317132, 212.38061409772658, 281.9015944110586, 167.24363062653336, 217.70197147137384, 286.2734116979237, 169.67004779913384, 214.9327974974613, 284.3532205911982, 168.1544561251319, 223.04752165340707, 283.67371985967355, 165.86043355552906, 221.31865306533732, 285.2601333083865, 169.55309100519196, 221.79736919301337, 284.3099988066495, 165.38292742154263, 220.02033218499605, 286.5445018935358, 168.75720922337328, 224.03132917963748, 284.6602351913308, 165.64702371289314, 224.6065463424018, 289.4064433079771, 169.10308777779755, 219.13129837083355, 290.9272110017968, 163.672921275607, 223.080892258323, 290.95296066141407, 169.6246307980357, 221.92892227154215, 291.23455165625273, 166.22108156936076, 220.81602542486056, 291.6879605001402, 163.7975603308715, 225.9763786290574, 295.6473496607507, 168.78000622795034, 227.23733704409955, 294.2100773752564, 166.95027957838676, 227.85447049958336, 295.41057971184404, 169.5610830945019, 225.83907764565961, 296.0801379985015, 165.06250222747633, 224.63623355732102, 296.4489487242843, 167.49595054767914, 219.91900870639398, 291.5528090809039, 165.5778396440062, 227.23492177994143, 298.3994171533695, 168.5612899558733, 227.2640792259695, 298.14778787154114, 167.198697637552, 225.29376847640927, 298.85257650659736, 169.25573903748656, 224.71939137927376, 297.95549521765827], "materials": []}