{"vertices": [100.21182228362291, 314.5605783677535, 462.9818423085758, 101.84743859793001, 317.55031616257065, 462.8703796388, 98.30068529734896, 317.21344900188984, 462.9260490444674, 100.27812606894425, 311.47094707234044, 465.1300945736992, 100.98536831443211, 313.03220551994514, 466.70043307838296, 96.60487847246044, 309.77097205120566, 465.5920530723584, 98.6942329945135, 314.276183460443, 465.48243719106785, 99.57626626264776, 309.8970161114222, 467.215129547696, 96.20303025014567, 308.22576190731627, 469.2047113566759, 96.0367704687993, 312.5742177695012, 463.854553760216, 96.37308249480803, 312.3872065145001, 466.5098388288704, 98.45958098976095, 310.86772723151057, 470.0857879387625, 98.6489250760146, 306.238727792116, 470.7949640781765, 100.19847307878628, 310.38362640699006, 472.2908760904508, 99.89426499593688, 309.97548341103544, 469.8700781005374, 96.49201557904054, 306.3909733046403, 471.82782696098167, 101.31011223882426, 308.8762038025886, 472.7184432864035, 99.51225972451262, 304.77364230185384, 476.0436158947378, 100.8268399733115, 308.5942045256305, 475.35944025397293, 97.72952917143286, 306.2255688662137, 475.22993087630704, 99.02330916185178, 309.1850863518704, 475.57511330580076, 99.54567350860175, 303.9192680243268, 480.0891191724618, 101.16357444155616, 307.8150271373814, 480.8297737006565, 99.34839069332509, 308.39839608554115, 479.67098523687594, 99.14372778849115, 305.8936629812808, 485.0341464975196, 97.92647871321182, 304.5180368570703, 478.93657165407706, 97.84694740430297, 306.8672298510257, 479.42120218662484, 101.27353291851266, 304.96538038353805, 480.3743299664785, 96.61465086034862, 305.8229500787664, 485.09183334902355, 98.18436248789266, 308.1730415061706, 484.91392137720345, 100.60423557471266, 308.2697659472798, 484.55941583807714], "faces": [0, 9, 2, 0, 2, 1, 0, 5, 9, 2, 6, 1, 0, 3, 5, 10, 2, 9, 6, 0, 1, 3, 7, 5, 2, 10, 6, 0, 4, 3, 4, 0, 6, 3, 4, 7, 14, 7, 4, 11, 4, 6, 10, 11, 6, 8, 9, 5, 11, 14, 4, 5, 7, 12, 12, 8, 5, 10, 9, 8, 8, 11, 10, 12, 15, 8, 8, 15, 11, 14, 11, 13, 14, 12, 7, 12, 14, 16, 16, 14, 13, 11, 15, 19, 13, 11, 20, 19, 20, 11, 12, 19, 15, 12, 16, 17, 16, 13, 18, 18, 13, 20, 12, 17, 19, 18, 17, 16, 26, 23, 20, 26, 20, 19, 18, 27, 17, 22, 18, 20, 25, 19, 17, 22, 27, 18, 17, 21, 25, 23, 22, 20, 17, 27, 21, 25, 26, 19, 21, 27, 24, 21, 28, 25, 26, 28, 29, 25, 28, 26, 29, 23, 26, 23, 30, 22, 30, 23, 29, 21, 24, 28, 22, 30, 27, 30, 24, 27, 24, 29, 28, 29, 24, 30]}